0,1
-20.005075,23.281178
-21.744932,14.462573
-13.234842,23.517956
-14.858206,14.851459
-16.983118,18.079786
-19.609818,20.473038
-22.639633,18.478912
-20.234907,20.482185
-15.27772,18.995647
-18.039932,19.389524
-17.001095,18.071716
-15.873472,15.965888
-21.028185,23.674786
-17.726997,20.507195
-14.892111,24.547626
-11.765901,22.703379
-24.388668,16.748835
-19.46516,25.848436
-12.864067,25.448177
-13.463591,25.60914
-13.946904,26.367811
-9.889252,24.429636
-17.192173,19.890005
-24.86266,16.597261
-17.948935,24.692951
-19.04955,14.116221
-16.575874,25.516697
-13.06846,26.421808
-14.315317,25.590956
-15.2156925,16.186132
-15.15115,25.627808
-22.69358,18.428425
-20.857357,19.665777
-14.4223795,22.614317
-21.65297,21.904934
-13.926059,22.406237
-23.726562,20.206947
-14.84578,26.529062
-22.897953,18.96955
-14.674758,21.408419
-14.503997,21.885046
-14.446284,24.53452
-13.173259,26.353643
-14.880397,26.885805
-13.767631,25.320225
-19.781006,22.286673
-15.157989,25.211813
-13.037458,26.80273
-14.222202,24.35693
-12.910198,26.076202
-21.721977,16.677694
-19.344168,23.375229
-19.333195,15.038431
-19.305958,22.186588
-14.719418,16.45285
-16.604752,17.491049
-11.898148,23.344435
-8.994615,20.518007
-14.24664,17.089016
-20.166683,27.116257
-15.691027,19.426634
-20.089527,22.723938
-15.894273,19.663448
-15.786768,19.5234
-14.0120125,11.481977
-23.035471,22.862123
-23.738659,15.778865
-20.131466,16.578321
-15.355913,18.780573
-10.889721,26.941523
-17.120045,20.965271
-20.873081,21.507908
-18.091585,19.658236
-13.155685,23.323872
-14.518269,20.427473
-18.343819,21.5882
-23.937944,22.754766
-16.519577,25.429287
-21.745136,23.243258
-13.108365,23.21049
-19.386278,23.098288
-19.028942,24.12963
-21.043974,23.641521
-17.70307,14.785208
-17.927217,24.504717
-14.168675,15.840836
-20.870499,22.023148
-22.954466,22.893698
-13.628536,14.595289
-12.7391,25.397104
-18.937601,21.162998
-11.943944,21.43851
-21.171211,24.10743
-22.709791,23.96401
-10.949714,5.4101105
-12.154234,16.510653
-9.328953,22.624557
-4.874974,-2.9201598
-1.9123241,14.848642
-13.527885,13.959327
-20.73821,25.533194
-18.970646,27.072254
-20.997513,18.341545
-15.751953,26.375195
-17.848816,24.228716
-19.724617,18.980446
-11.720188,21.653244
-19.634893,18.624632
-7.695302,24.267918
-12.261269,22.08719
-8.780805,19.14888
-21.155638,20.416042
-8.639691,23.022072
-16.684952,17.768559
-14.837958,17.799578
-17.159458,20.015087
-17.994719,20.95397
-12.364168,16.441515
-12.859282,9.192208
-13.263946,18.816965
-20.579128,16.9997
-17.10995,16.137966
-9.093739,44.764957
-16.871494,19.57447
-16.719648,20.612959
-23.221077,19.981577
-22.266876,20.7186
-13.449164,20.808792
-21.664083,14.43768
-14.264973,24.082626
-20.09036,25.61281
-18.091608,26.930502
-11.944342,19.886787
-17.05377,26.307222
-19.867075,19.92621
-24.51815,16.865953
-19.20298,23.358803
-11.185037,25.628443
-20.867977,19.603003
-14.685682,17.41671
-16.434326,22.720581
-11.703457,19.439774
-16.437115,24.658464
-20.888588,23.65642
-24.691513,17.163174
-21.778889,15.023312
-17.878824,16.89854
-21.732468,14.545605
-16.683113,18.55976
-22.528166,14.692647
-16.976665,16.408424
-17.277767,15.089602
-21.146418,14.478298
-12.144058,21.498966
-22.252552,20.760038
-12.012751,14.517584
-14.321828,15.332038
-14.989514,17.401209
-18.402994,15.373888
-11.890173,15.543167
-19.077673,16.523823
-16.464024,22.705154
-21.1083,25.430052
-20.639545,24.58234
-21.071663,25.592009
-15.316969,16.251282
-20.815762,21.18895
-18.911983,24.997364
-21.72755,14.523049
-21.617807,25.830328
-17.644716,14.967916
-21.418541,25.762861
-13.819209,17.907543
-18.873817,20.357786
-19.149511,17.597826
-14.001761,19.38658
-18.050962,24.813364
-16.500868,22.640045
-22.153786,16.133123
-22.246572,20.630936
-14.558802,17.409603
-20.634966,24.474262
-19.114462,25.156988
-17.632055,25.38549
-15.3027935,16.053427
-18.725805,14.733993
-16.70536,18.576561
-20.107925,21.363998
-20.608843,16.954481
-17.139297,25.287819
-17.025593,15.696555
-19.648142,24.699608
-15.278578,20.50334
-15.2046995,23.808617
-10.861704,24.4997
-11.90705,23.632189
-11.66475,24.735155
-11.431339,25.442476
-17.062498,18.138195
-8.991487,20.534464
3.5278356,-0.7515556
-2.3088813,4.3320456
-6.7424016,10.248273
2.7681653,7.132924
-5.3256407,4.382185
-5.3264127,8.997247
-2.0214806,1.9461638
2.7403708,-0.9519008
-3.774524,0.5605578
1.0444866,6.018682
-6.8355837,9.154448
-5.9096885,8.273628
-0.93662655,6.5255213
-8.069561,8.806716
-1.6997919,6.791342
-0.78982455,6.854552
-1.4300426,-4.0409517
-2.9830284,6.101854
-5.7381883,10.683704
-0.31676424,0.25600353
-3.3838735,1.9236698
1.978853,-0.70713377
-7.697812,2.5505636
-7.1719728,7.3142653
-0.7528829,4.2994704
-6.152872,1.2791855
-2.9087899,1.0203162
5.373894,5.2793045
3.717456,0.90314144
3.8023074,-0.118578166
2.1504028,2.614479
-0.86341333,-2.8650107
-5.829448,0.7297673
-8.110705,6.4086757
3.0769236,1.6449805
-1.197031,-1.4286983
-1.0537333,-6.318664
-5.455468,-2.078508
-0.87633044,-8.433931
-7.411586,5.0555997
2.8353045,-3.3604052
2.1903713,-2.7088137
-0.70349634,9.6334715
-8.612925,8.023593
-11.660755,7.7523336
-11.407085,12.219477
-1.4989307,-2.372092
1.9969922,-1.9495898
-0.532539,7.219934
-9.267245,10.471616
-4.0788403,-5.6101913
-1.8669358,-3.8154376
-12.252579,9.402686
-7.8187323,9.643924
-9.573808,11.87964
-9.882314,6.8361807
-11.250224,11.991766
-9.457725,5.368875
-5.0945754,2.0479279
-12.70392,8.685511
-8.360302,18.080803
-13.352776,7.628959
-8.8161955,10.979356
0.5029818,-22.725225
-13.339972,8.480949
5.302487,5.2435427
2.3903143,-1.9685338
-11.310992,12.076598
-10.222974,5.9623938
-0.6706621,-4.1110454
-6.3547387,-4.953401
-4.0991955,5.0654006
-9.987475,24.32894
-1.9782898,14.593808
-14.801194,-3.402207
-9.490166,9.601416
-10.797404,7.3588295
0.26807955,8.130174
2.5963254,1.5411481
-5.3461494,4.2928944
-12.587327,8.738558
5.198065,7.2499185
-0.41812375,-0.08047102
-3.2626498,10.220463
-9.605493,4.3256273
3.2947042,30.745434
0.57990843,-3.8329246
0.1966775,4.982423
-10.757986,4.0198717
-6.658301,10.528493
1.2652085,7.7501316
-8.386648,8.0039215
4.3852844,3.2183168
3.1420326,1.5636162
4.846381,1.8800361
-6.88397,7.808638
-4.692037,2.1471796
-9.912231,2.6198559
-5.695613,0.71817636
3.3930087,3.6417062
4.4797616,6.8756776
2.0668285,5.2044477
3.8775551,1.2316927
-2.6891565,-1.9330988
-8.036507,1.6480179
3.7865734,2.296547
-2.9034488,0.63303316
4.5141635,0.045091707
-8.386221,3.40585
-10.861205,7.228385
3.5994236,-0.38979432
4.3690863,6.959627
-2.6261187,0.6008907
-8.45987,12.226599
4.19988,6.9672685
3.5599244,2.227399
3.2419567,2.4830573
1.4896637,-3.9605389
0.052305575,-0.8766827
1.9546617,-0.28686467
-10.521529,9.210329
-5.6552305,4.6832657
-4.167759,3.6806958
-6.5915956,1.3982161
0.87664765,4.343785
-5.9419465,7.520906
-7.284571,9.79922
3.3158896,8.886603
-11.851865,15.854163
3.3105001,8.850127
2.8276904,4.98521
4.9291496,0.021204079
-7.9762673,9.724413
2.6129053,7.1098013
-2.3740752,0.5233183
-5.880498,8.821076
-2.3389165,7.639627
-7.010765,6.354909
-3.3624518,3.1227646
0.8065013,-3.2349305
0.7198486,-1.6684704
-5.0852575,2.773841
-3.9472022,3.507774
-5.671759,2.4705863
3.2127054,4.3712196
-0.9873991,-2.1527264
-6.5518026,10.001981
1.6484821,10.035116
3.954654,2.8888407
-2.1441023,3.826132
-0.3299901,-0.22911347
3.9991894,4.1459327
-3.331528,2.116447
2.688831,2.6952617
1.8052881,0.84917575
-8.25943,10.194619
-4.1932487,4.6217866
-6.7374034,2.7657511
-1.3219813,6.9417343
3.500323,2.8390515
-3.4760513,6.9123077
0.8854092,-0.36805734
-6.4104786,2.6376054
-0.22024691,3.6684985
0.3294648,4.047379
-5.9459124,5.6861205
0.42158365,3.8633633
-2.7719376,6.139738
-0.26242852,3.5376136
-1.1874665,2.9787142
-0.44874662,3.7396872
-0.9658184,1.4978882
-1.1628995,1.3529147
-1.3044113,3.01689
-1.2557629,1.7152343
-1.2347598,1.5039002
-2.903145,4.9193707
-0.41534898,3.0689986
1.6135197,10.048644
-6.859111,2.875421
-2.1400087,-1.2301962
0.3778639,0.36154708
-0.9209695,9.341041
-7.633919,11.328345
-0.894442,9.279614
0.7272225,-1.8910952
-3.0103967,10.120106
2.651691,6.467037
-7.7839246,10.049228
-11.168819,19.04668
-2.1105158,7.9798985
-6.515931,8.129315
1.9313811,6.1158705
2.1092937,-1.0913131
-5.7661414,8.3406315
-0.6430974,6.8232737
2.1456118,3.9444485
0.27972242,-0.43795583
1.1946199,0.08761447
2.6401837,7.124631
33.841133,-4.363252
44.871998,-2.5481937
43.50328,-4.995548
44.79457,-13.561572
41.430492,-13.270116
46.578304,-4.310802
35.56955,-11.300892
40.635036,-10.9196825
39.868713,-2.6260064
43.551785,-9.699207
41.677998,0.8164977
46.04354,-8.603902
40.155006,-1.897928
38.38301,-8.306739
45.521374,-10.197717
48.70725,-6.3013844
41.51195,-7.3519793
47.76253,-4.8721085
45.50847,-5.486547
39.751305,-7.2420197
44.407455,-9.917738
45.246067,-13.570546
44.503582,-13.974747
46.10267,-4.653935
46.026634,-12.529186
45.453197,-10.847477
48.17317,-2.2267883
45.639927,-11.255061
46.26988,-7.2241454
49.36622,-8.968757
39.650406,-4.509127
44.254837,-8.704785
41.90385,-7.1823525
42.115788,-7.001514
37.717022,-3.9365492
40.120266,-2.0204122
41.04754,-2.7032511
37.75046,-3.7922313
45.75969,2.528633
43.31637,-16.209148
43.84259,-12.084385
37.066753,-14.4816885
50.925056,4.7870135
50.72744,-12.832614
38.243713,-9.740949
44.93916,-4.3982987
41.06088,-15.90632
38.180233,-9.559558
42.387333,-12.697819
46.589493,-10.258053
39.032227,-14.950996
38.927906,-15.003257
37.10627,-14.428051
39.797585,-16.617249
38.396408,-9.943771
47.56018,-10.03674
47.42407,-2.515629
46.032433,-3.3614132
41.86078,-3.7464209
44.965664,-9.699658
48.2104,-10.757149
40.57501,-9.377116
47.72762,-1.5633078
40.198643,-9.770224
48.805893,-11.7678995
41.733265,-3.9124038
47.303387,-3.735264
48.41191,-7.8340545
47.29829,-3.753352
39.739124,-11.065616
36.080524,-6.2195535
45.83353,-3.9640255
45.440807,-14.224404
45.863224,-7.9478583
41.00089,-11.13518
38.71219,-7.711789
39.257195,-1.006787
40.252537,-5.9855547
41.040108,-14.824171
45.455395,-7.602896
36.086025,-6.31764
39.681347,-11.955153
38.220245,-1.2084935
38.435444,-15.726586
46.441807,-11.993436
44.580917,9.532445
38.428814,-12.71713
36.473747,-12.133734
38.349895,-12.734577
45.77146,-1.0455292
32.666855,-10.519012
46.01806,-5.224596
42.708714,-10.632427
44.9414,-8.999602
44.417118,-9.366908
43.195957,-4.957404
43.981808,-2.0203154
40.73501,-15.918809
41.221027,-13.395681
41.2998,-15.875064
39.53581,-9.926813
44.71058,-2.7819161
40.846657,-10.280173
38.655903,-2.7433376
38.864815,-9.201204
43.08639,-1.4071578
36.97958,-14.522508
46.938805,-11.513953
45.64088,-12.90224
47.07389,-5.8654923
41.522514,-2.155042
47.63186,-12.20169
41.254898,-13.616029
41.939655,-14.295932
40.271976,-7.819863
39.948647,-12.696947
40.155567,-12.767707
45.159184,1.9883965
47.080936,-5.8701587
41.356617,-15.243198
40.983757,-4.815063
42.452713,-14.828006
36.933556,-10.961776
33.983444,-4.2952843
35.885944,-15.1065645
38.381447,-11.6455145
46.373802,-8.454103
39.28311,-6.0378504
45.06482,-6.4498773
45.30596,-0.9155049
34.573143,-2.5983415
35.454266,-3.9731524
34.984577,-1.7076046
37.592625,-7.5665975
46.994278,-7.3429055
42.04265,-7.6173587
45.647606,-0.97587126
37.24988,-11.6764145
37.093643,-11.750667
48.89681,-6.1171913
42.30773,-8.9616585
48.495506,-12.204804
44.39498,-6.913214
41.380253,1.3156286
41.91156,-11.386365
45.73145,-4.228708
43.390724,-7.5810575
45.426323,-9.385118
42.62253,-6.1266847
39.73404,-4.0586853
49.874756,-11.40702
38.405037,-6.2441225
42.669403,-6.3568807
42.907257,-6.4823246
42.669334,-6.9899106
34.912098,-3.7894804
43.739376,-1.7470641
39.853374,-9.697357
45.355198,-7.046175
42.088547,-2.2056897
46.369965,-8.33054
44.17896,-10.43354
45.916977,-6.946364
40.87762,-11.216174
43.46971,-13.592452
47.945908,-5.2024503
47.39576,-8.844535
46.386745,-7.3177547
43.761887,-4.5987716
40.48292,-9.178448
38.643154,-7.198495
41.253452,-10.657094
48.43186,-12.445058
40.848495,-0.5396608
46.895645,-6.8929043
42.029877,-9.135317
45.079067,-11.975955
43.08735,-16.34803
40.886242,-5.2975855
37.55079,-4.2201366
50.094418,-11.28091
50.457928,-11.059438
41.848423,-10.496936
38.240902,-2.7585661
47.48005,-1.5415844
39.653133,-2.802089
47.233685,-7.7669134
39.1147,-10.658405
38.216915,-10.653145
36.32822,-11.974929
37.90452,-2.9035904
43.8751,-8.437081
41.58479,-16.242916
38.729828,-10.802984
43.579826,10.649607
40.87919,-5.66843
46.712475,-7.7712193
48.358746,-11.639759
32.626503,-12.829182
32.49116,-12.786135
-16.917189,51.837498
-12.733233,60.32865
-11.695389,62.694958
-11.519003,58.726517
-3.4055095,49.023663
-16.692253,52.67725
-8.233247,49.057243
-11.779963,60.117554
-14.393788,56.537178
-12.570482,60.60682
-15.843702,51.128353
-8.35937,54.01932
-11.695389,62.694958
-16.45459,51.8704
-13.359473,58.66425
-14.733464,51.45572
-15.240271,53.663704
-14.701553,51.31714
-7.5783634,61.843853
-9.123462,55.092567
-12.04332,52.59598
-5.8662457,47.921997
-8.171263,56.074806
-8.71791,63.777245
-12.59276,60.749973
-11.280206,53.692123
-4.934174,49.77442
-4.4145765,54.059536
-11.2644615,58.456318
-10.255791,53.57551
-9.905024,57.818428
-17.485798,52.446728
-7.1416817,56.064934
-11.854213,52.019966
-17.713709,50.9646
-7.5363646,56.784245
-12.512591,60.5926
-16.619987,53.926758
-16.786163,51.921318
-16.966688,50.497272
-10.778433,55.89328
-6.5529027,54.384422
-10.393134,61.804863
-14.694511,51.31489
-6.321645,49.136295
-11.812573,57.254944
-4.7575836,57.89308
-12.114172,57.649372
-16.958488,51.49781
-12.240114,55.942547
-8.911594,48.639885
-15.939198,48.986862
-12.797693,57.80074
-10.773362,55.890343
-6.477648,58.43462
-4.690544,53.708054
-14.716564,51.48636
-9.865524,54.990788
-16.644001,51.8428
-9.269291,59.681282
-15.226289,53.722584
-12.568567,57.36188
-15.872347,49.79189
-9.675662,60.48864
-12.65725,51.737083
-6.937778,57.63767
-9.336829,53.64294
-12.891958,55.833244
-5.783857,58.29435
-17.874668,50.863945
-11.571461,57.67094
-7.3581324,50.349472
-9.3958,61.151
-11.867401,52.895596
-9.225104,45.74768
-13.194573,54.640583
-13.328394,55.514244
-13.244639,55.572987
-4.7954035,54.195656
-12.432353,57.548466
-17.775703,50.879837
-16.473387,52.51293
-12.3216,57.43357
-13.043433,54.03016
-9.956007,54.420197
-8.803011,60.887505
-17.75113,52.245834
-8.871756,56.685135
-8.854074,52.11779
-9.162284,45.88271
4.84387,45.098083
-9.080088,46.357246
-5.783857,58.29435
-12.4907055,60.553402
-9.162286,45.879673
-5.5150084,56.055748
-11.695389,62.694958
-4.0943813,56.51547
-10.676966,60.960896
-8.182577,57.77241
-17.442589,52.730988
-6.992098,53.487633
-11.166611,50.648438
-9.285011,56.265625
-4.6192455,59.85201
-3.4055426,49.023884
-9.121617,47.15962
-9.936772,60.78301
-8.3596,54.019722
-9.358514,47.218124
-5.866253,47.921684
-10.835945,59.495472
-11.280423,53.69119
-8.7619,58.18124
-12.842368,51.43029
-8.9824505,47.82856
-7.5363727,56.783512
-4.094461,56.51534
-10.255794,53.57554
-6.9456205,49.614864
-8.7402315,63.78253
-15.840733,49.591217
-7.830974,57.606636
-5.3740354,52.73623
-8.712113,50.98227
-14.53421,47.85185
-15.988997,50.707626
-8.361704,53.03012
-16.894234,52.735455
-10.676694,60.960705
-13.742995,52.3261
-6.6575165,56.135113
-8.698799,50.92297
-11.860003,56.106586
-12.825803,49.915024
-5.988172,52.082535
-16.605278,53.39134
-5.559933,51.081394
-8.594835,61.022175
-6.1267796,51.722298
-5.673015,56.12284
-9.185402,58.84857
-6.15402,51.73609
-17.38742,49.763905
-15.818669,49.769764
-4.4016027,54.349262
-15.701216,53.51989
-9.838888,57.93931
-8.969298,59.826458
-10.629601,58.639427
-7.93566,59.06173
-9.200231,48.957756
-5.729381,57.39596
-12.829344,49.92426
-7.7143397,52.158264
-7.80769,59.165886
-16.257597,52.367912
-7.581018,61.930786
-6.5356236,59.480373
-4.6694093,54.313416
-6.1277456,59.205624
-8.800517,55.41265
-13.068054,57.346813
-7.0123086,58.97798
-6.997862,59.202976
-6.873007,53.52129
-8.182512,57.77328
-12.964058,54.395527
-6.9488997,56.176407
-7.7337055,57.349895
-7.5696945,58.905193
-6.8365884,49.537178
-5.6239724,56.281116
-16.331533,52.998024
-6.697724,54.294903
-14.878518,53.171635
-7.5273066,53.564083
-14.975087,48.314606
-9.51689,47.286263
-16.896372,51.709538
-8.351635,55.580036
-8.890693,48.64265
-7.769174,54.1385
-9.079584,52.93679
-11.166428,50.648487
-11.644286,58.981785
-7.433591,53.273582
-13.702931,57.011692
-10.00446,61.610344
-12.811429,55.03096
-5.2617717,50.853584
-10.279973,59.274796
-9.28503,56.26427
-11.192748,50.794018
-7.074233,61.50383
-6.9587026,57.780704
-12.557418,61.485855
-14.965793,48.299847
-10.492225,50.787098
-4.6192374,59.85215
6.3269277,34.27994
15.558026,27.78321
10.667138,37.361008
13.140845,28.642302
11.692823,31.99379
23.275642,30.130575
13.890789,29.164948
14.461581,32.32365
10.151655,31.499033
18.816275,31.475315
18.19576,30.313248
23.323914,29.390572
18.49752,30.623909
12.2917185,29.365475
13.89903,39.86705
17.887316,26.608583
14.186811,33.864433
15.80149,29.21037
10.680222,32.64434
19.165174,29.404633
14.931673,30.737318
23.41666,31.416016
10.450042,31.137064
17.322514,38.4043
13.614322,31.353079
7.000101,29.745457
7.112198,40.88721
21.707005,0.3508912
16.70091,31.696295
16.0232,32.19437
10.179231,40.908054
17.854431,31.06449
16.120424,27.3968
15.756756,31.003798
19.363316,28.346048
23.218128,29.987991
19.502935,31.074068
18.565413,27.507156
11.801212,31.890068
16.798353,25.140177
13.525048,24.575243
17.187548,22.744493
6.350431,30.90966
13.838577,22.00624
6.42489,34.76999
7.3909025,32.48984
14.090583,22.257664
12.7602215,28.39981
7.8551073,30.817652
10.187851,28.260715
13.376888,26.71189
13.440859,32.276405
24.909151,27.007011
18.646072,27.742332
24.910357,26.999025
20.58131,27.140673
20.54339,30.179115
7.7350144,33.085835
14.169354,22.22155
7.0958104,42.405407
7.0340004,33.314915
18.871153,26.758204
17.296732,27.673714
14.748534,40.046043
17.823366,31.269669
18.72737,25.128607
17.58087,33.383057
12.39955,34.622482
13.223027,33.658066
23.44632,31.223022
14.304101,25.42438
12.891937,33.21598
17.10411,22.648764
7.6568375,32.953743
21.775026,28.876396
17.995617,29.540503
13.439304,27.45576
16.16945,28.847574
11.6887045,25.961515
16.215374,29.910507
18.844984,26.861956
14.367732,30.562845
8.776465,34.369083
12.38849,32.01439
13.5056505,35.123844
12.226817,28.182701
14.462379,29.243357
13.926854,41.911175
20.243876,44.264797
18.677914,28.8969
18.74634,29.154932
14.081853,30.940289
6.38925,34.007633
7.379905,29.055006
12.770217,28.45213
14.6168785,29.691357
15.911201,26.888443
17.374292,23.370832
11.35507,30.511848
11.20508,33.616364
21.806097,0.337705
12.661789,29.653973
14.6107235,33.21019
16.470022,29.233227
19.808249,31.786083
8.212564,36.843914
3.801564,30.926792
7.04718,42.128326
3.859387,30.829618
8.378299,40.550392
10.518605,37.53709
18.753805,25.101303
-10.555922,63.229424
22.977222,29.307058
18.64002,30.758883
13.548634,23.549694
7.9168077,39.080063
17.02674,25.824184
13.925146,27.392084
13.312496,47.82974
8.743598,31.51749
6.447725,35.274437
14.362747,30.533525
19.246422,35.22634
22.007801,32.981556
11.334969,31.206152
16.442,44.576427
14.346987,36.258526
17.271626,29.297441
24.910154,26.99863
9.24138,31.457336
19.939274,24.182081
6.677644,33.688942
15.096325,22.195354
15.718381,44.641327
12.679733,35.142353
7.673635,31.164085
12.751023,39.947998
12.438753,31.515512
6.360545,30.885103
14.17362,39.382584
19.666264,23.811604
21.054113,27.185963
11.761803,26.807018
21.372808,25.315197
10.522864,37.212574
22.100725,31.72104
20.255531,29.092926
21.153736,24.874237
22.333801,-0.15917139
22.258078,-0.7275918
13.465328,30.28848
13.097963,29.961164
20.580202,27.110365
15.267681,27.321507
19.31713,21.185926
30.208767,-19.398485
19.953955,28.51186
16.846273,31.876404
17.10261,30.37524
16.931248,30.405264
17.080744,25.767563
6.5487194,33.560196
8.493166,29.590174
8.422667,29.910217
19.86286,28.869497
9.680231,32.97199
9.765772,33.08726
14.17785,34.62746
16.375044,27.457201
17.63397,29.749117
9.748758,28.648792
22.45857,33.30421
16.07355,27.8312
12.15025,27.074867
10.212198,35.576283
14.030036,34.5164
15.004752,22.165234
19.347546,21.127436
19.498798,22.244696
6.612519,34.53366
13.811306,25.062609
11.471168,29.549307
11.434038,33.49644
19.413374,21.311872
9.8997555,28.615301
6.8744187,26.081621
14.607486,39.971992
17.39944,28.54402
5.319266,35.6336
17.543947,28.738445
19.516151,22.572048
21.025404,35.790073
17.169186,31.577698
17.31876,28.232464
16.647472,31.426456
7.810121,40.78955
13.850398,34.03802
16.974192,30.381962
7.9908104,30.987585
-9.220801,-12.391039
-11.463294,-1.5674043
-6.9678407,-12.838217
-14.325362,-11.433087
-10.211495,-10.888198
-6.373773,-5.083228
-10.352734,-6.172454
-10.025682,-1.1859993
-10.302855,-10.120451
-10.258737,-7.7738986
-6.445852,-5.0483465
-13.433123,0.15956819
-13.751144,6.6645603
-8.073702,-11.129334
-11.623667,-10.065313
-15.16457,-0.8578315
-5.6318936,-11.976896
-9.2504425,-3.9600046
-3.6804285,-1.3057016
-4.133527,-6.730004
-1.8307538,-2.1543877
-10.482995,-3.354969
-10.578178,-10.598168
-10.547422,-8.158414
-6.3490205,-9.364946
-14.63885,-3.0201013
-11.084401,-3.1983504
-8.239378,-10.170485
-14.122375,-11.29552
-8.960472,-7.128963
-10.60134,-7.81066
-9.656231,-8.401499
-0.006485132,-5.4834275
-6.688668,-7.475094
-11.85697,-4.633156
-14.8842,1.2806253
-3.207092,-3.1105285
-1.6394933,-10.491416
-9.667651,-12.257573
-6.370397,-11.6264925
-13.164558,0.5019312
-6.441016,0.22969638
-11.499276,-8.905308
-9.175473,-13.720229
-6.3547616,-12.384643
-12.285094,-6.461014
-13.374623,-9.61548
-9.50501,-9.398037
-8.668761,-10.867916
-13.509581,0.059473656
-7.8652053,-12.371128
-9.638274,-11.518612
-14.007025,5.0870953
-6.739534,-9.363954
-15.887078,-2.8276865
-4.624991,-8.360484
-9.331336,-7.4703293
-12.237389,0.31888384
-14.18779,-6.9585705
-9.760705,9.847731
-9.322287,8.459038
-12.758996,-5.932341
-12.730503,-1.1484673
-5.8007674,-2.3735483
-9.323907,-8.4152155
-14.877351,-4.30867
-10.516201,0.22528355
-14.69342,-2.6549187
-7.828831,-4.336205
-2.5311496,4.321276
-7.551012,-8.499236
-8.259094,-5.652326
4.649613,1.6772432
-1.6276433,-5.957343
-7.4049706,0.16906415
-3.906737,-10.133082
-4.6910424,-9.227224
-11.987338,-9.100116
-6.3199477,-12.091841
-6.886499,-8.332807
-1.0310026,-8.429869
-4.84503,-2.6723747
-13.673042,3.5137668
-9.900011,-0.47803685
-12.667334,-9.537694
-9.117824,-4.3919206
-11.463294,-1.5674043
-9.870917,-12.437112
-4.7538204,-7.8504353
-7.451064,-7.260587
-8.775648,-8.083355
-3.7770188,-0.7058811
-11.531703,-8.176682
-1.8945991,-2.1999724
-13.168661,-4.629444
-10.278239,-9.544045
-7.2157803,-9.161848
-8.695801,-8.839623
-6.792191,-13.342204
-12.591082,7.412811
-5.6238403,-2.3034525
-9.639047,-11.469887
-14.136419,-3.1072533
-8.679376,-1.3632071
-8.254024,-7.414689
-6.849312,-2.4196658
0.9962629,6.4546943
-3.2070503,-3.1104507
-1.6638546,-5.878308
-9.709965,0.44322884
20.922213,1.0898651
-7.748892,-0.36186028
-3.380409,-13.001586
-4.918166,-9.963759
-10.891953,3.6924868
0.36676675,-4.417345
-9.416847,4.3760366
-10.312486,4.2490625
-6.4500175,0.21459624
-14.675049,-3.8516893
-6.700324,-0.30574715
-13.54993,-1.1988354
-14.356866,-0.53045917
-11.795225,-3.1159844
-3.249045,-8.222074
-13.562493,-3.3881822
-11.778113,0.24999286
-6.148906,-13.15047
-10.28364,-0.73875225
-8.499978,1.4451338
4.156415,0.918285
-7.5503454,-8.514098
-9.088085,-6.241593
-4.126964,-6.738914
-9.404264,-9.08491
-10.716927,-1.7327598
-5.8505816,-0.96617883
-10.280388,-3.3501956
-6.313752,-9.179543
-10.462719,-11.930033
-12.9558325,1.4593003
-3.3803725,-13.001748
-5.4611435,-7.232123
-13.943534,-1.853246
-6.9103703,-12.784823
-16.14499,-2.0712857
-11.58196,-10.0397835
-13.528963,4.2470226
-11.618914,-0.39334604
-9.454381,1.0892849
-10.332882,-10.923623
-7.1102657,-14.283776
-16.133873,-2.0807903
-14.186282,-6.9902525
-9.091359,-11.128984
-4.162158,-6.8142076
-5.689404,-8.450173
0.7802618,-2.2269442
-9.4752655,8.612778
-12.875881,-9.529175
-7.4733644,-7.300451
-8.675739,-8.570351
-10.828066,-5.380264
-8.537877,-6.3959303
-4.578385,7.6004
-11.612936,0.34955898
-7.9699755,-2.6789699
-13.628184,3.7590508
-11.493442,-8.919423
-13.432623,-4.0091367
-3.2490454,-8.222074
-12.903071,0.4115735
-11.552044,-7.063668
-14.004994,-3.1634836
-7.9770617,-7.62195
-6.6195126,-7.8544483
-5.76791,-7.0816045
-3.2611694,-10.551477
-9.476056,-9.231904
-12.05354,0.7368529
-1.9500997,-10.500885
-7.3558154,-10.05588
-9.264816,-13.292401
-8.119209,2.0318403
2.5697196,-1.5021722
-12.992207,-7.5134206
-7.533088,-5.2331004
-8.177439,-5.3858457
-8.823249,-12.31068
-8.24013,-10.071395
-5.543422,-7.277754
-9.99198,-11.092985
-5.2261095,-11.77596
-8.812856,-4.5799155
-8.634012,-10.999106
-10.188268,-0.31391585
-8.75144,-7.9433155
-10.408329,-3.421728
-10.138342,-10.0660305
-12.134371,-10.503413
6.5342536,-20.765402
4.249509,-30.683304
3.5324373,-30.240993
12.104089,-37.909443
3.8444366,-22.711342
10.815234,-28.251143
16.392267,-39.172676
9.430863,-31.098871
3.0010784,-29.883509
14.250479,-35.16028
3.6857378,-29.85629
27.19576,-18.84429
10.208763,-36.513668
10.635551,-19.938913
11.767173,-38.159443
5.168373,-31.184105
4.569339,-25.885874
7.2085032,-28.053242
7.1709714,-23.41841
17.355019,-40.16024
3.782322,-27.686773
7.8753347,-28.812038
15.150642,-36.016964
9.414894,-25.758415
12.260568,-37.882854
13.973586,-35.240433
11.199292,-27.544561
4.1685066,-31.959152
5.67962,-31.222797
3.12144,-25.802279
14.878056,-38.35477
12.909494,-34.700382
17.352934,-39.312954
3.5927072,-28.830633
14.419153,-36.309578
3.6256151,-25.539516
17.297764,-39.24485
4.977458,-21.369095
5.222808,-21.640215
4.755578,-21.343218
5.554949,-30.275324
13.132685,-36.923645
8.083534,-30.219187
29.035501,-18.295147
4.666199,-26.078657
11.179155,-25.097857
5.665394,-29.660044
10.281557,-23.365252
11.868241,-36.10991
4.0148478,-29.873947
7.037988,-29.647617
13.798334,-35.472443
7.472872,-29.807627
6.6985154,-26.628084
13.375424,-35.117603
12.237494,-37.87815
16.698507,-40.62033
2.937009,-29.441261
4.7543497,-31.13535
14.453966,-34.017307
10.878471,-41.69802
10.783166,-24.810358
2.9350247,-26.29544
2.9636748,-26.264994
13.039339,-34.164364
5.670126,-27.465559
11.825238,-36.683193
2.8113122,-26.507685
12.033554,-36.396713
13.009265,-38.303535
6.192157,-27.177774
11.548118,-37.221638
8.277408,-29.643124
10.446137,-20.20085
9.245156,-29.156946
14.373726,-36.52275
6.7679167,-30.162563
28.435183,-17.75556
11.807714,-28.530684
10.867693,-27.040401
10.200295,-36.592636
14.637135,-40.654198
14.08036,-35.092125
10.826889,-27.91076
14.176038,-38.15908
13.410131,-38.756004
9.203168,-27.341106
8.044731,-20.814058
4.5083528,-27.225952
9.299522,-27.761995
18.104881,-39.799316
6.7129965,-29.123446
2.9514496,-25.467873
14.829265,-37.055542
12.332534,-29.398308
12.000293,-41.100033
13.915596,-35.457874
9.094423,-27.5062
12.804341,-36.768066
6.5888925,-26.584768
5.8667946,-25.728924
5.95124,-26.012735
9.225673,-28.729483
6.187593,-31.61508
11.80215,-37.785137
9.986298,-39.850952
19.885567,-4.4993315
10.236678,-39.923862
16.633371,-40.533737
5.8340287,-24.271357
-11.167608,4.288841
18.538092,-10.774796
7.0389767,-31.063747
7.528711,-32.047256
-8.597316,6.433319
21.25923,-22.923914
13.463507,-39.778755
6.126151,-31.592007
5.2138767,-24.816383
13.485822,-36.446793
14.216482,-33.86264
0.46929094,-22.709637
13.232034,-39.55354
5.0360146,-30.565285
10.9297495,-20.056795
17.468906,-36.70891
11.053927,-19.981544
12.930171,-36.88167
18.265697,-40.109997
2.8035848,-28.076973
7.069961,-25.977169
6.2323985,-28.466301
4.5720873,-28.011957
7.7397532,-29.04212
7.0795197,-21.01845
9.468002,-19.751858
5.9659166,-28.588205
11.038184,-26.430689
14.680312,-40.547314
4.8175044,-29.296185
4.8244247,-28.010956
10.522904,-23.206636
16.084675,-37.649845
10.550054,-26.166323
14.056242,-35.68408
6.725702,-28.500723
17.43506,-36.528065
5.239375,-31.055193
4.6810093,-21.29339
10.274454,-21.603954
10.349792,-21.865005
8.254451,-22.546322
10.375093,-22.200817
9.092515,-19.75268
9.214437,-26.495075
4.2555084,-24.387506
11.264793,-26.411804
10.796836,-41.89146
28.627842,-18.64028
10.759582,-28.639526
6.5524845,-30.270985
9.422572,-29.1531
6.712932,-27.505358
8.527993,-19.418509
12.027353,-40.884064
12.409423,-40.332664
8.15606,-30.804136
8.003437,-30.625254
4.849106,-28.384193
7.2738514,-23.013163
4.8422756,-31.88689
16.863352,-19.583445
13.497794,-39.9868
2.4967544,-30.06249
6.5989923,-30.950148
15.107432,-36.097942
10.706889,-28.491404
8.291936,-29.77543
3.9299717,-29.498014
28.392412,-17.2955
6.989013,-30.467104
8.575723,-19.26715
6.7282133,-22.114777
14.193693,-36.65146
10.871655,-41.947006
7.338132,-21.207237
9.073976,-26.234016
16.2608,-39.440304
4.1475635,-24.778603
7.7692275,-26.989035
13.373238,-39.83888
11.269171,-28.248404
10.878558,-40.525433
17.10533,-39.54965
18.662193,-40.505463
14.519215,-34.1246
14.683859,-34.165337
11.755276,-41.31926
28.193314,-19.52905
12.291843,-37.685757
19.78146,-23.483
25.66996,-29.796402
25.359125,-33.107334
29.071276,-29.966442
29.029955,-29.952274
22.906305,-32.520042
29.143833,-29.008724
21.644651,-31.703617
12.9653845,-28.110329
13.064771,-25.91626
28.694574,-25.145374
25.722176,-29.844604
12.289022,-22.385029
22.585821,-32.321762
19.824577,-30.613092
20.241638,-34.996147
20.89549,-29.179302
19.855265,-30.320045
24.422537,-36.696865
28.10386,-31.464651
28.279427,-28.499666
26.33183,-28.047932
45.013332,-15.752636
22.207926,-32.952736
20.251406,-26.372986
21.305305,-36.42359
17.243593,-25.65886
16.465641,-26.218874
27.299358,-30.415506
13.330935,-26.523716
24.588799,-34.257427
22.71563,-32.182957
20.949198,-34.978737
26.343613,-27.818996
21.261267,-34.036312
16.40325,-30.527859
23.138895,-29.568052
23.60715,-33.63137
26.332378,-29.731068
22.013123,-33.206
22.60751,-32.06678
30.113556,-22.058315
29.9025,-22.153276
30.805365,-21.997843
20.230839,-26.316305
15.889398,-33.556923
27.858423,-30.903326
21.045454,-33.98858
21.28235,-33.697384
28.001995,-28.476345
27.241365,-24.717825
20.205853,-32.626225
40.020233,-14.687146
27.672848,-24.074867
27.183123,-29.753155
28.472654,-25.31948
28.02484,-26.72204
20.300837,-25.177382
21.516207,-33.261444
26.16668,-25.858238
26.833414,-27.410109
24.035706,-31.742275
19.977951,-25.54719
24.896402,-29.15258
28.0896,-31.334084
21.33635,-24.212727
21.652817,-33.35566
36.677643,3.3021538
28.482548,-23.742468
13.8511505,-26.815283
24.541056,-33.889652
29.369474,-25.10118
26.359858,-27.70789
27.084372,-29.92032
25.392094,-27.625517
25.4583,-26.835508
25.390484,-26.224405
25.35959,-26.137148
26.53765,-27.768295
28.142763,-23.94035
17.489649,-31.087557
27.947573,-27.424957
17.051514,-30.904839
20.642323,-30.750305
27.074408,-30.471893
20.456573,-32.582214
16.227911,-25.569443
19.35354,-30.149458
36.59989,3.477825
19.55391,-34.28873
19.355328,-34.341732
21.232718,-30.943268
29.048119,-28.674402
19.793772,-23.42941
21.113188,-25.334818
16.105497,-25.737343
16.655603,-25.961878
16.278357,-26.068571
17.787428,-27.805199
21.683542,-25.43809
21.876787,-33.295837
17.497957,-34.84443
20.309656,-26.165472
29.242685,-18.6373
16.955137,-19.50381
-7.945521,48.16383
26.525244,-23.912455
14.254542,-26.372276
36.80479,3.0406086
23.61629,-31.977358
28.242792,-22.494633
27.459236,-26.715912
28.62876,-26.12185
29.821268,-26.647934
23.365856,-33.1868
27.363722,-25.78289
27.307308,-23.840584
28.437628,-26.204145
26.031824,-34.924633
27.244076,-24.095669
22.348738,-34.954365
29.071362,-23.62898
19.284727,-34.295506
28.263357,-27.504768
23.94057,-37.650726
22.480806,-0.117985524
13.019681,-28.951
19.550352,-37.339016
13.027447,-22.529606
27.260408,-24.747871
19.336857,-31.601042
18.83463,-23.85437
27.283867,-26.091347
22.446405,-26.801508
22.46939,-26.679632
23.381804,-26.183956
23.447199,-26.17982
21.356447,-23.534512
17.88669,-27.716442
6.123324,-29.404146
23.907042,-25.19708
19.626705,-23.457895
23.119326,-32.954224
22.480925,-18.126965
26.705545,-30.918318
23.21053,-37.448742
24.36501,-36.927437
24.758024,-25.767467
25.974447,-31.747534
25.03009,-25.947357
24.300755,-32.342876
12.974009,-22.616148
22.094706,-17.704838
20.88256,-36.563805
22.822153,-37.598736
12.122896,-27.040642
23.290735,-36.462105
16.674332,-26.349583
18.861704,-24.607378
20.594183,-29.413488
12.34991,-28.927608
19.75618,-30.374023
26.143244,-32.171257
20.281517,-33.73659
21.643393,-35.93934
22.006927,-35.698605
24.447535,-36.242447
24.45535,-37.23907
16.642704,-30.543316
24.51304,-37.075974
21.441044,-35.07707
26.461084,-27.792696
21.494328,-24.009632
14.743653,-29.240164
20.710424,-24.284264
24.198925,-36.738224
24.464064,-34.98248
16.594618,-26.311779
29.422836,-25.912924
18.622906,-8.7058735
16.187624,-30.77589
22.96054,-33.005585
22.360008,-34.133766
19.844507,-37.275364
22.241909,-33.637688
22.089993,-31.13466
22.790495,-27.216438
23.279648,-29.271172
28.180723,-26.624249
24.626362,-26.482626
19.707018,-26.435295
21.799042,-30.017061
22.3442,-18.002247
23.600227,-18.493423
23.754354,-18.437305
23.088682,-18.45827
13.27225,-26.623255
13.435359,-27.169664
29.942465,-26.67952
13.3002615,-27.771055
28.379732,-11.133369
42.82951,-13.813531
49.220814,-15.246107
34.196327,-6.013463
20.24259,-6.8593764
32.038048,-5.1993065
26.91479,-6.8272696
27.339348,-6.8734136
26.822714,-6.7361317
22.537342,-8.186794
47.194054,-13.779856
47.31894,-12.63456
48.196087,-13.609719
21.436401,-11.501324
23.804327,-6.6177998
24.032715,-8.796977
28.51914,-7.917035
18.818113,-9.0169525
21.157743,-8.738981
22.824154,-12.312874
20.7795,-10.596256
20.35728,-8.673758
49.557365,-7.3137636
21.83751,-6.37378
19.465174,-7.251151
47.421597,-10.959868
20.46162,-11.05656
26.860437,-18.400938
23.938074,-12.46197
16.518736,-22.00851
35.86073,-15.098659
22.358862,-1.374665
19.780563,-9.549242
21.484106,-10.149592
42.161194,-8.837014
41.861515,0.32548133
41.805695,0.27695158
43.31999,-7.5447946
22.36847,-10.948776
42.685867,-10.968694
48.379135,-13.073125
20.69724,-10.187189
18.557775,-11.94176
24.976673,-13.814593
35.440968,-11.319746
21.873985,-11.544818
22.30373,-10.289863
20.70953,-10.170971
19.404757,-10.320441
29.774426,-9.240248
29.862957,-9.238469
29.86968,-10.063487
29.815733,-9.294582
29.509764,-9.347521
30.153093,-11.03426
29.620302,-8.464427
29.139835,-7.9232035
20.031025,-7.3597727
29.229122,-7.806191
29.289,-7.794142
29.993385,-4.911496
22.499311,-12.557976
23.987078,-13.556624
23.986423,-14.043376
23.381876,-2.641171
22.59791,-5.343311
45.26674,-8.238228
44.745537,-14.632735
50.34295,-13.050217
36.880436,-1.8811241
20.496294,-11.968378
48.109035,-15.3874445
31.74024,-7.110831
37.954937,-5.933658
22.902567,-11.198654
35.86028,-4.644294
21.936886,-12.186123
48.683537,-16.335014
21.308332,-10.627895
38.852806,-5.5423646
22.284164,-11.94254
50.17285,-13.618677
33.63311,-2.3936274
24.09345,-14.200406
21.657444,-8.430237
24.016632,-7.6344814
23.993149,-3.7033179
27.584501,-8.327355
42.948734,-3.7573922
19.556156,-7.89493
33.62097,-1.5217623
22.169231,-10.312829
23.43144,-10.08917
21.17161,-8.61541
19.409805,-8.364765
21.778816,-8.1846075
22.157475,-9.630392
21.054314,-7.2039795
25.187103,-11.046938
29.779089,-11.677815
37.22294,-8.874779
20.9443,-11.423637
36.387726,-4.1953764
42.830658,-14.248269
19.345135,-8.239517
37.634525,-10.107998
26.927465,-8.519655
44.010307,-7.081966
47.460484,-17.259497
34.941605,-5.035496
48.293247,-2.7846437
22.360407,-13.150662
40.376232,-8.893074
48.749413,-12.69603
46.572098,-9.003464
30.66132,-4.120305
46.68746,-17.124083
49.112297,-1.9393531
30.146742,-4.764113
49.085335,-18.189539
25.677326,-11.981933
32.331207,-5.230373
49.37867,-17.278938
48.81456,-18.430902
24.008158,-11.97182
24.106241,-7.8937893
25.002932,-7.4914837
24.34711,-7.0023713
27.998762,-8.655732
50.28076,-13.734208
44.240482,10.680242
47.55823,-3.0636697
28.499441,-11.058882
34.40654,-9.792404
23.379223,-4.9670525
46.81672,-18.15189
21.257626,-7.559565
21.270733,-7.5233183
39.248207,-7.134382
51.057564,-15.386084
21.905622,-11.892375
25.126146,-11.037037
30.446934,-10.979508
24.87433,-12.385586
19.162663,-10.63505
27.287565,-17.788725
18.972025,-12.1305275
33.570786,-6.3002386
33.51749,-6.218461
27.7381,-7.3195868
44.674614,-7.0578074
24.263062,-4.534849
29.959105,-5.4973044
49.48981,-1.7153224
48.45872,-2.292061
47.546703,-18.206669
49.95293,-16.566452
50.90072,-15.286682
49.57657,-15.567165
50.25567,-15.871792
24.405022,-3.7231085
34.54903,-2.5131683
37.459938,1.9115275
18.838268,-11.93463
22.716993,-8.231947
44.577457,-14.328019
22.450373,-8.655404
19.70404,-10.964712
43.40116,-12.630799
18.331247,-9.855646
20.859959,-12.196806
20.325298,-10.991032
31.567554,-3.2053921
50.085335,-15.728069
50.20668,-15.225252
43.358112,-14.046652
28.793253,-6.360582
32.405724,-5.420347
50.009136,-14.239279
27.117495,-18.527508
47.83951,-2.062574
47.28756,-13.708242
44.07315,-6.564513
31.844778,-3.3304589
49.731064,-16.743608
48.2136,-9.09353
32.71254,-3.2509654
28.340874,-16.619526
24.499926,-5.3512444
48.646587,-16.521042
24.66216,-5.110732
37.858093,1.0989183
22.20349,-7.2804265
31.36001,-8.163473
43.817234,-11.97485
26.358643,0.48049048
26.291924,0.44562098
20.243982,-6.195236
19.214802,-12.440021
21.466894,-8.38402
4.2998123,37.78814
3.9563918,38.003864
18.979393,33.30378
18.91569,46.38087
13.65784,36.521633
16.978746,40.75122
9.823424,45.66901
11.59228,44.20056
20.917685,45.012154
20.869286,30.42133
20.497332,37.721767
23.800016,40.42709
21.943806,42.564426
21.735405,32.274456
12.893518,42.252758
14.865398,45.067837
10.914625,43.9338
21.709639,37.35185
12.945145,44.930206
24.032143,32.70441
9.041376,44.642525
21.732613,36.720337
19.727848,36.528816
22.772532,34.63387
15.573765,41.480274
8.902706,40.757156
23.604708,36.059143
17.243198,28.236767
21.34377,35.878414
23.336136,36.693836
4.2372446,37.77925
23.829603,36.94269
12.557117,42.49245
14.111041,36.77627
20.28989,38.49629
11.498446,42.374676
11.354024,42.050293
11.252747,35.957928
18.885498,37.507477
20.038921,44.6676
19.51126,36.899006
11.679649,43.956123
19.217793,40.8021
13.526109,47.870705
16.384808,34.772938
11.835125,36.98395
12.720084,36.291065
20.997665,38.65606
22.459938,42.1366
14.758578,36.387817
22.485687,42.308926
13.483269,24.517721
23.508753,40.14611
11.434892,43.416138
21.122248,31.964111
20.718729,39.87244
20.97115,31.14941
15.769587,47.728645
22.972218,33.687267
18.600752,42.843918
20.798595,44.26575
11.287629,39.81753
19.323454,36.09161
13.486744,48.456448
15.176478,46.36703
10.265378,40.043674
10.196357,38.677982
19.233965,43.978
17.799015,37.980152
12.026475,40.77168
21.471699,25.30017
10.310412,42.325382
20.892038,38.73062
13.338281,43.693558
15.158679,47.672543
14.840632,36.856422
17.965387,44.719746
14.740865,47.42354
22.370735,40.73613
15.357546,35.620514
15.720175,37.4419
17.68732,42.795616
23.020344,40.86689
15.388406,35.25593
7.948498,39.321415
22.994703,38.316162
22.956224,38.00361
13.542475,46.09321
17.3671,45.836258
19.882616,27.428288
22.608864,38.74992
15.748165,33.482494
15.95065,39.794006
15.954179,39.843075
13.370201,44.745956
18.14512,37.385494
12.169092,47.459137
15.856497,32.592293
20.9873,40.191566
19.024374,26.530508
10.761756,45.39774
12.847804,43.802326
13.6266,43.703724
17.429623,43.64021
19.709621,42.979023
18.952324,46.314957
12.799853,40.485596
18.9185,45.03811
19.511362,39.239502
17.324518,37.183994
18.830055,36.54784
20.055103,44.210926
22.115042,36.532665
11.121363,36.53078
7.229075,43.284286
11.319961,37.458633
-2.7198772,48.623653
17.63138,32.498848
11.070626,39.16068
7.149223,43.213123
12.573914,36.45329
16.211735,35.14131
8.263324,36.827522
9.3426,37.948593
20.766424,37.535084
18.909456,34.086437
11.44809,37.4039
10.247358,36.523136
10.154786,38.018192
10.479147,38.107647
19.781343,42.824753
14.852662,45.324738
13.8764105,40.1938
19.76347,38.638084
9.7957945,45.449913
19.260567,29.928251
22.79985,33.672802
22.248419,34.914677
20.223967,36.7443
17.91766,34.975666
17.724314,44.42607
17.001905,34.183033
21.28675,40.79585
17.056292,43.152954
18.557419,44.95915
19.361067,43.129944
9.858645,42.297184
21.037378,37.336014
21.336702,39.21805
15.161523,47.766567
18.821337,38.651386
9.502748,42.641773
12.827969,43.98326
14.444119,43.251144
9.765244,45.31138
17.838467,37.299873
19.53369,43.89016
14.71259,47.23003
21.177525,38.02103
15.583271,41.166805
12.445355,38.248043
14.427578,43.351887
17.25889,44.36961
20.889841,40.355507
11.719241,43.214226
15.134558,48.607437
20.57653,37.50523
21.64158,42.9955
21.546238,38.02875
20.57461,37.346195
24.491924,34.505516
16.809206,46.866962
20.27757,33.391933
15.24541,44.455433
18.875969,41.53656
17.889244,42.38767
11.356986,45.2052
13.59437,37.279953
4.2400208,37.771973
19.408865,41.19374
17.922468,43.18722
17.382818,35.867237
22.91894,41.258423
16.723246,37.52514
19.99747,40.04161
20.00769,40.199
21.09961,35.7205
17.59562,40.145023
23.299938,38.803333
4.237053,37.76889
15.736383,41.18546
22.74717,37.55428
19.071514,38.90963
15.764105,47.471004
12.441382,46.714622
21.787209,32.84116
18.226505,40.578094
16.081312,35.954315
14.220382,38.67646
24.117434,39.034172
59.015057,8.508435
57.192413,11.082516
47.375652,14.278575
47.30408,14.21817
51.902966,10.93543
47.326008,19.03476
52.07073,8.697365
47.084675,13.201263
59.93329,7.240798
59.95032,7.2167535
59.216526,8.48554
59.04533,8.175769
50.521217,12.466018
48.208904,11.966841
49.32551,13.155351
52.671112,13.343694
57.166355,9.943357
49.7329,11.5351095
52.342735,15.69201
51.75751,9.39136
50.775608,13.173978
50.22936,14.854682
53.655373,16.525381
58.96878,9.293414
56.418667,7.610779
52.19326,14.244004
46.30263,15.268404
48.118687,7.281463
54.364445,16.501822
47.83721,10.622888
58.133442,10.951094
54.705082,13.442097
49.766907,18.153719
55.9354,15.703973
47.54054,12.647362
44.5436,13.828559
54.328865,9.913093
46.50275,15.031855
48.85186,-11.182548
50.14107,12.549607
50.342552,10.760257
52.99577,9.500715
46.51868,17.466246
47.235313,17.643488
51.76559,14.510576
55.12339,17.200768
55.750904,15.395418
45.062805,9.710172
55.26853,17.658035
49.881886,5.6878505
51.452602,12.393058
44.91701,10.627298
45.28129,10.917186
55.142323,12.005342
54.698307,12.997209
49.466328,12.2353
48.825672,16.666533
48.677803,16.657284
48.1782,16.59509
48.98551,16.98493
48.536816,17.483644
48.64841,17.594408
52.290653,15.5534115
48.105488,16.59003
51.80139,6.4530406
56.30073,13.387099
54.478558,11.336916
55.93411,9.557153
48.875053,16.56084
50.893394,14.908383
52.95789,14.601234
53.325058,10.761655
48.886936,13.245928
53.2748,10.884776
53.11303,11.597292
57.80177,11.140955
58.64848,10.0029125
49.650383,13.340812
58.781155,10.292436
58.338272,11.440274
53.206226,9.3212385
48.196102,17.459236
53.67784,17.921576
48.65117,13.227148
55.21333,17.081017
55.06392,14.335379
56.348957,9.554482
52.37498,8.784222
48.382393,8.377554
48.7823,7.1650352
51.480717,6.830417
55.308475,12.700863
57.596684,10.091582
49.30649,10.015521
48.565052,15.122427
48.377487,8.378207
52.381084,16.530384
52.76375,14.136859
53.31067,5.4347997
53.642635,13.659641
53.869602,13.284101
52.142464,14.414337
45.569927,16.447485
58.06161,9.901884
54.323185,14.964449
51.506172,17.25073
52.79942,8.140661
55.257904,10.640774
53.97266,7.2158093
57.725605,7.3717065
48.066902,11.467311
42.22544,-11.263449
52.056442,15.0117445
48.737717,19.66631
47.28355,15.462361
47.121574,15.403544
50.288757,16.98462
54.31978,10.839386
54.701557,8.735479
52.94572,18.9839
43.028297,-10.9936285
46.745712,15.633887
55.13051,10.513905
48.258045,14.353623
53.61717,6.238764
51.55122,5.5902634
58.013603,7.115785
53.04598,9.190491
54.831394,16.360807
46.78052,8.406164
55.910725,11.752387
53.534084,13.855229
51.44572,18.689762
51.352966,8.278179
50.42175,14.005026
51.23173,13.680796
51.60755,15.573895
51.448868,18.797567
46.7495,12.817764
49.127552,7.354859
53.925278,17.421778
53.730427,17.742048
48.363403,17.527668
51.50904,14.595818
54.917862,10.936361
52.980694,12.186997
53.235867,14.57485
45.144634,14.435738
47.00782,19.025621
53.932343,6.096257
48.612404,15.652023
45.297504,13.770575
46.930508,8.686666
46.265747,12.979866
48.64251,9.568055
45.695644,2.541522
43.45841,-4.2568297
44.34161,-4.9146824
55.736767,17.454916
45.3388,12.887356
52.919434,15.57318
49.590595,8.74805
46.092842,14.358222
51.739162,10.85368
57.574043,10.166587
49.538956,11.44256
48.361885,13.425097
51.06918,8.30415
45.647083,6.257407
49.57,10.204738
55.765182,16.37618
45.0001,16.659206
51.1985,8.381583
50.61835,6.862805
46.042263,12.690359
51.930798,12.952132
59.365677,10.124747
49.031487,10.937761
49.792652,7.591191
51.80586,12.754749
54.44354,14.958165
50.610962,11.466301
53.447983,8.535531
58.590416,9.591057
56.42868,11.370141
55.593266,9.440374
52.75546,16.956692
47.67741,11.109364
51.278843,15.370616
55.779995,14.3147335
49.322296,8.84666
54.823578,7.9044266
54.58297,7.672582
52.695618,6.504059
46.619625,10.935922
54.11018,6.2716346
52.040207,10.933831
50.130577,9.208432
45.863953,13.631062
52.08005,16.389236
-53.377262,14.727603
-50.154472,18.442924
-57.098434,14.344466
-57.161976,14.212456
-51.586605,22.36432
-47.47519,18.976002
-56.19935,11.863072
-47.477016,19.085648
-56.053444,16.295895
-53.153275,22.69532
-60.05455,17.31395
-52.708557,17.040955
-57.99033,15.907697
-51.82368,23.478016
-52.47853,22.69135
-51.10283,18.18734
-52.470493,19.227736
-52.81183,23.17432
-54.568043,21.30925
-54.36118,21.690388
-55.912773,20.845703
-49.023457,20.950342
-60.110043,15.795916
-49.259026,15.884438
-49.192,13.203932
-47.497288,15.876114
-50.152054,15.475459
-54.99899,17.968548
-49.662518,20.117998
-49.9799,18.763908
-54.65761,23.932438
-50.767864,17.47582
-54.8093,22.205307
-58.33941,16.481012
-53.407516,19.359385
-53.189785,23.330275
-54.01438,22.923367
-47.70746,22.559582
-60.907463,14.126626
-60.82188,16.660133
-59.171967,13.58997
-55.881546,15.068347
-54.309887,22.17529
-54.307766,23.356474
-59.092365,13.624904
-52.992676,11.8414345
-53.46817,24.768293
-53.784992,20.458149
-54.209507,18.69641
-46.029953,17.387415
-51.51274,16.022083
-59.58245,17.495138
-49.316757,18.218685
-49.322197,13.662304
-53.120693,24.25347
-50.391026,18.351564
-49.723083,15.981615
-51.834072,15.240714
-52.669716,21.288427
-49.949776,20.171803
-55.726696,17.197483
-55.72852,14.963602
-52.573288,20.099224
-54.008564,14.819294
-52.331753,17.13618
-49.918663,22.10982
-47.040344,14.595225
-53.057484,21.804544
-53.121624,11.678586
-59.587833,15.113095
-58.77363,15.92071
-54.43342,12.736063
-52.477097,18.411127
-49.98275,22.350023
-59.57841,15.049309
-53.825603,24.99711
-48.58416,19.208204
-54.766586,16.373642
-57.88813,13.964721
-52.698612,21.360516
-50.96786,17.717081
-52.716835,21.210604
-53.515118,13.678473
-53.463333,16.218027
-58.457447,18.285065
-50.900684,11.018724
-49.51819,19.70756
-51.701748,15.736472
-50.910194,13.594453
-46.335503,17.896236
-49.594875,13.716065
-52.107056,18.744486
-54.893913,15.38273
-59.379253,13.6465025
-52.24338,18.098349
-57.15291,14.65286
-52.086514,24.787235
-46.64572,19.543102
-46.737045,19.545244
-47.491344,17.030605
-47.565323,19.358501
-53.41178,17.035826
-57.72173,20.071815
-57.634743,12.094883
-51.934986,12.855725
-52.130287,24.956593
-57.37938,17.259773
-50.08503,12.870825
-47.65659,22.507574
-56.944702,20.177448
-52.700527,18.70247
-56.83247,22.52059
-54.409428,14.559825
-58.104053,17.169653
-54.310112,11.688117
-57.452087,12.196188
-59.6633,15.349942
-54.730198,19.881117
-50.5158,11.512707
-54.49472,13.5046215
-52.73141,14.641449
-48.50568,20.031538
-50.39046,23.400492
-53.059536,13.941297
-51.95222,12.813469
-51.962875,12.828025
-56.553093,18.336132
-53.187798,18.32596
-54.82359,21.112328
-52.876755,15.791758
-51.9967,15.271949
-55.64615,11.566999
-56.74558,16.675756
-49.135067,18.09598
-49.366398,17.127832
-56.110565,19.38756
-55.011475,17.924185
-52.84195,16.575787
-54.306442,14.99585
-50.388004,11.599307
-47.128242,16.88139
-50.85762,18.931845
-49.065212,13.912483
-57.5999,18.07088
-52.785446,17.957857
-51.044163,19.778288
-52.1437,19.401123
-56.40228,21.093246
-59.180332,14.866603
-55.96367,21.268042
-56.568264,17.287878
-46.421978,16.472492
-56.972153,21.03726
-55.85902,18.987774
-47.69994,17.629866
-57.939873,20.962303
-48.345367,15.380583
-47.641567,18.192427
-46.763077,16.594967
-55.89899,13.382222
-56.186924,21.419405
-50.24892,17.494991
-50.474514,17.29838
-51.9999,17.029821
-58.159283,21.169
-47.004604,15.461994
-58.468178,13.591493
-57.113243,15.521229
-48.473804,16.486189
-58.647926,16.013634
-60.331425,17.293814
-54.280743,22.256762
-46.9262,18.126503
-55.54091,19.367865
-57.744774,20.204836
-57.315575,11.67131
-53.39221,17.569939
-51.367092,22.161003
-50.16555,18.372534
-51.12708,13.471184
-51.15192,14.686834
-52.000347,11.507995
-55.782005,23.90018
-57.026207,17.336203
-55.934128,13.312527
-55.15381,17.231134
-51.853157,23.623934
-53.690754,17.700968
-51.679005,14.5786085
-53.690125,18.581099
-53.566257,13.275616
-55.57848,23.851248
-51.051395,19.077932
-50.905582,15.854842
-51.758724,13.435826
-57.623383,11.901532
-50.72532,17.015938
-50.92499,21.264647
-59.6607,15.001728
-58.776535,18.840136
-41.97986,-32.338715
-36.988712,-10.361284
-36.136097,-15.634018
-40.151863,-9.338171
-41.967392,-21.857296
-34.937332,-18.103264
-36.34807,-17.624166
-39.42666,-27.971209
-35.68881,-27.157099
-41.700302,-21.90496
-50.21403,-26.08692
-39.778473,-24.267483
-41.792957,-27.462452
-40.50361,-27.700575
-45.693737,-26.955284
-41.07414,-30.65812
-35.874348,-28.563347
-40.41779,-25.723095
-42.829113,-26.181665
-37.260036,-28.266527
-41.577896,-28.122232
-46.426456,-27.256866
-38.65237,-30.870125
-45.684685,-28.315712
-43.896675,-25.23173
-43.969517,-26.879421
-39.48504,-21.20296
-48.336353,-21.874388
-45.928856,-28.09695
-36.192978,-27.082869
-37.783638,-23.991953
-37.680958,-25.170103
-46.971733,-27.307867
-38.40015,-30.767021
-46.120464,-27.985243
-34.48402,-29.463314
-33.333904,-31.32813
-39.895115,-24.75714
-40.162884,-26.930727
-40.917267,-25.530941
-44.027496,-27.402891
-40.713337,-26.76001
-43.911938,-27.170746
-38.14791,-23.54932
-34.54185,-30.066244
-38.815105,-31.150629
-46.81588,-13.560851
-43.28654,-27.574745
-43.12332,-27.888433
-33.40107,-25.889244
-36.903786,-31.550777
-38.7835,-22.253288
-34.91994,-17.84332
-34.33702,-16.887978
-42.647953,-29.064396
-32.638985,-28.288631
-45.091034,-23.75969
-32.62389,-28.203424
-42.50316,-30.240871
-42.148518,-30.851278
-43.512173,-25.001297
-41.80978,-30.944866
-39.830395,-21.081959
-39.861965,-33.03377
-41.98531,-20.200792
-39.7789,-32.960987
-41.52666,-17.966726
-39.366135,-30.802193
-36.643257,-31.378113
-34.12142,-25.210924
-34.151295,-25.204435
-34.902504,-31.430359
-43.3699,-27.750448
-32.06936,-25.71193
-40.211807,-22.744377
-48.40899,-22.964344
-47.13831,-22.297375
-48.455757,-22.932478
-48.33073,-22.870739
-35.787247,-31.36464
-39.886543,-30.947792
-42.80916,-30.215956
-42.936195,-30.225658
-35.65508,-31.533844
-32.83181,-25.813982
-32.43496,-25.472944
-35.222416,-25.350468
-36.97812,-29.866135
-39.989574,-29.38774
-39.69825,-23.717106
-42.126926,-24.094154
-52.10772,-26.167871
-53.14445,-25.601347
-52.53046,-25.229237
-51.435654,-25.508827
-52.32593,-25.314068
-39.597195,-31.454926
-51.28541,-27.120739
-37.30266,-26.983631
-52.580265,-26.024055
-51.83105,-25.466894
-53.098434,-25.451284
-39.1214,-25.753185
-51.341236,-25.434685
-52.039402,-26.098288
-36.788082,-25.9634
-53.056126,-25.224735
-39.412304,-26.380167
-51.90639,-25.409534
-41.45051,-31.977858
-52.91103,-24.932356
-51.87896,-25.323092
-52.302887,-24.72209
-53.027214,-25.421593
-42.36606,-25.567024
-52.782032,-25.418291
-51.8314,-25.221546
-34.11555,-25.226875
-37.12189,-29.59567
-42.605038,-29.111868
-36.296036,-26.182732
-41.061348,-28.414583
-37.513123,-26.89614
-41.940884,-25.915735
-41.301567,-26.737175
-41.79603,-21.264723
-34.99504,-24.539366
-38.39333,-30.703182
-34.53622,-30.520164
-42.59608,-25.038162
-41.83403,-25.958473
-33.24042,-30.445097
-42.199074,-25.865498
-41.30287,-28.88371
-41.55359,-26.440962
-40.517563,-26.568457
-44.719986,-25.738106
-33.321472,-27.556704
-33.3376,-27.028208
-36.53505,-16.24934
-42.980026,-27.139103
-42.866077,-23.778292
-40.160736,-29.38146
-36.50005,-27.515846
-34.361683,-30.340796
-35.42283,-29.924498
-41.70625,-25.864807
-42.561275,-23.423388
-42.968136,-22.877571
-39.720028,-20.409506
-36.338375,-26.492214
-36.164658,-16.482897
-38.922844,-26.335548
-34.60488,-25.452272
-34.522087,-28.77973
-34.43497,-28.746899
-33.73233,-29.67858
-34.536648,-30.114765
-36.34373,-28.06636
-39.6791,-20.818546
-44.36604,-17.110321
-33.490715,-29.129465
-34.049862,-27.562054
-38.142967,-23.160744
-42.01673,-28.34931
-44.02778,-25.074635
-33.15715,-21.399828
-33.172077,-21.40909
-43.16977,-27.462297
-34.013668,-29.978754
-40.83069,-24.381247
-39.80745,-25.72398
-35.035053,-27.49289
-35.293667,-28.949543
-44.36793,-16.990528
-47.454388,-23.409298
-41.211044,-28.69188
-35.93833,-30.178715
-51.584545,-24.271065
-43.381706,-30.01771
-51.525078,-24.118404
-33.683784,-29.07252
-40.10852,-26.069874
-42.977936,-23.971111
-34.91382,-30.153759
-33.7353,-29.543953
-35.159935,-27.30882
-33.647236,-28.97448
-44.691925,-25.675512
-41.97048,-32.295284
-49.24031,-24.7818
-37.75827,-19.150154
-49.77223,-25.873556
-49.91453,-25.89044
-40.343685,-29.750738
-32.444965,-27.765177
-40.719078,-23.281576
-38.809975,-22.25911
-42.918472,-26.912273
-35.03569,-24.130497
-38.44115,-13.045914
-35.89024,-4.750264
-43.391647,-20.276066
-39.684277,-8.346536
-43.443382,-13.247463
-42.37741,-2.772444
-42.368843,-2.7857082
-39.654076,-14.636184
-39.023994,-13.747541
-41.357178,-13.5416
-37.6807,-21.774555
-45.88912,-21.899416
-39.433712,-9.479608
-35.15519,-5.843751
-44.875443,-20.192287
-44.35899,-21.56038
-34.102776,-17.016157
-40.482716,-4.4715643
-42.523438,-14.442302
-35.853367,-4.78682
-41.047546,-14.345528
-34.585087,-11.448848
-37.474625,-13.596613
-37.531055,-6.613021
-39.430134,-16.220266
-33.05508,-8.453847
-43.194977,-8.267265
-37.98231,-8.324789
-40.829918,-15.006217
-46.708122,-13.426456
-45.714115,-11.912873
-42.765118,-9.240248
-46.056934,-12.152804
-42.258533,-11.960207
-35.577126,-17.36231
-32.412823,-11.190737
-39.34195,-12.330246
-42.98557,-23.602057
-43.92116,-13.006093
-34.331367,-8.7566185
-46.442886,-21.70192
-41.377995,-8.247002
-33.46675,-10.552125
-32.93366,-8.5265665
-37.405964,-17.510342
-43.24765,-8.004232
-39.320885,-15.914685
-36.2997,-15.586343
-43.262672,-19.148872
-34.140152,-16.046274
-46.96527,-12.755299
-38.755642,-6.23343
-36.732944,-20.48665
-46.054672,-22.457367
-38.974815,-18.882862
-44.46347,-8.960371
-40.09515,-11.295418
-32.429703,-11.264806
-44.535027,-20.960588
-38.390995,-9.660992
-42.36757,-11.618573
-44.408714,-18.185621
-32.14946,-10.029077
-44.349754,-9.111782
-46.97302,-21.975628
-32.757168,-8.698289
-43.300026,-6.1317616
-41.672535,-8.734067
-37.598618,-13.936745
-44.159924,-22.527424
-36.94274,-8.3709755
-42.266777,-11.237412
-38.82285,-18.499447
-42.240364,-13.839024
-36.223293,-4.7547097
-13.972314,46.214497
-37.9572,-8.515187
-32.64319,-10.774001
-40.59162,-12.5954
-47.86527,-21.881718
-33.19394,-10.335533
-38.82993,-4.8061094
-45.754646,-21.437103
-37.98903,-5.6485095
-38.832928,-18.436548
-41.26732,-12.204027
-44.932766,-10.817103
-32.994343,-10.019386
-35.70382,-10.566396
-39.99475,-13.5261965
-37.758713,-15.557776
-40.819603,-7.5121307
-36.042255,-29.066483
-43.512867,-8.552837
-35.324345,-21.532328
-43.552536,-7.876835
-37.83529,-20.653702
-38.15354,-7.163601
-33.564102,-8.615983
-34.970592,-8.380279
-41.069775,-12.997935
-19.82292,-52.772106
-11.887391,45.642082
-34.604523,-18.575111
-43.26331,-7.2632914
-52.88356,-22.44441
-45.3193,-11.637355
-39.463593,-15.615298
-42.411163,-14.236861
-34.800674,-12.075167
-39.26448,-15.053601
-37.726105,-13.453091
-37.391384,-11.801519
-36.18976,-9.369824
-40.838474,-6.3803625
-35.838165,-9.411356
-35.29838,-8.219242
-38.10021,-17.935242
-36.946682,-4.9253373
-36.862648,-6.6233387
-38.634464,-9.831137
-36.84126,-6.7760615
-45.288467,-6.977194
-34.33709,-14.395919
-45.271423,-24.632547
-45.373642,-24.646387
-43.028183,-6.581468
-36.973103,-12.832867
-43.79249,-8.694162
-37.681664,-12.886383
-34.958,-11.870893
-42.34295,-7.179502
-44.76118,-7.2962894
-52.92202,-22.630562
-41.75774,-18.534134
-42.828125,-6.405631
-42.056465,-10.88258
-42.343777,-21.861242
-40.774933,-7.467072
-37.56274,-21.46583
-38.791138,-12.792124
-39.68912,-8.395861
-37.378567,-10.890162
-43.110134,-12.89148
-39.54532,-7.3983955
-39.33451,-9.462999
-37.883602,-13.198898
-40.757435,-11.269689
-38.60051,-12.461752
-45.76267,-12.00591
-41.14069,-5.9997845
-38.269646,-15.2239685
-38.233814,-14.737232
-34.944458,-14.585954
-38.218273,-7.518684
-39.734043,-5.9967217
-42.022835,-6.241177
-41.98032,-7.527915
-33.053112,-11.419751
-37.445606,-17.357533
-43.392796,-21.555674
-44.416374,-22.047102
-50.277702,-25.179329
-40.884518,-14.135977
-40.01021,-11.849767
-35.3181,-12.485947
-41.247208,-7.3234844
-39.1529,-5.087954
-41.806908,-5.9728045
-39.99231,-5.3318315
-40.645992,-6.8383584
-40.821026,-8.599608
-45.060688,-10.982774
-40.371937,-6.809283
-40.82719,-6.835602
-40.341743,-7.266385
-40.209164,-6.9973593
-41.1864,-6.436099
-42.04608,-6.588402
-36.3353,-21.412596
-45.86562,-12.580206
-39.244465,-33.033802
-41.691383,-17.919823
-42.075256,-5.149543
-42.625175,-5.058934
-42.418198,-7.1037126
-39.70998,-14.622423
-40.756046,-11.471235
-39.701744,-11.071928
-44.819042,-19.799252
-40.133396,-14.238566
-44.50923,-13.017854
-38.33285,-15.25294
-53.199856,-23.48921
-36.4006,-22.185045
-44.971745,-12.496397
-37.505383,-11.551773
-40.314083,-6.069087
-36.66967,-21.827997
-41.9091,-4.818253
-9.96674,-53.78155
-18.962395,-56.452087
-15.721356,-50.347713
-14.250239,-56.614693
-14.667707,-59.740696
-10.204824,-49.27441
-10.275674,-49.323257
-11.742594,-56.405125
-11.71577,-48.439354
-13.278152,-55.663692
-10.329378,-53.82243
-15.11785,-53.367283
-9.102079,-60.564556
-12.999526,-58.10404
-12.521681,-54.425255
-10.003852,-51.151634
-13.087838,-55.5574
-12.682785,-54.698883
-12.871707,-55.160427
-16.341063,-60.53662
-14.880976,-60.141827
-11.339875,-57.89681
-13.208022,-52.556046
-8.973701,-60.665543
-9.158773,-55.359
-9.151261,-55.37493
-12.591641,-50.48669
-6.124868,-55.65774
-6.113161,-55.593544
-6.356729,-55.77543
-5.8191967,-55.557144
-7.1347165,-58.344673
-14.08819,-57.44196
-13.883235,-59.19944
-10.033053,-51.443207
-12.269594,-61.726517
-19.413841,-52.94384
-13.402624,-61.285828
-13.092163,-62.4851
-12.849668,-63.48979
-16.684084,-55.519524
-12.371483,-61.847702
-10.338672,-47.429886
-11.922972,-51.58773
-14.602275,-55.011253
-19.367521,-57.575027
-8.907634,-48.104385
-4.5322866,-53.703583
-4.5475283,-53.298065
-4.5037622,-52.68967
-4.5211606,-52.73308
-4.5213194,-52.824005
-11.487191,-54.092697
-15.567764,-52.24455
-9.315709,-56.832375
-14.068931,-56.277813
-17.3027,-54.65069
-16.192102,-59.216976
-14.263501,-58.435093
-15.832893,-53.452763
-13.605276,-59.600586
-18.77252,-54.97412
-10.428913,-54.24723
-19.425539,-57.330963
-19.407892,-57.82923
-13.245583,-48.496193
-10.837376,-52.925674
-15.178122,-59.31881
-10.957505,-54.180912
-11.447829,-54.420486
-15.568694,-54.32573
-15.038216,-52.294212
-13.001149,-48.418694
-18.181341,-53.668686
-10.616753,-53.196262
-15.943191,-58.074417
-17.82529,-57.48191
-15.89439,-56.73673
-9.26774,-54.48594
-10.004121,-53.298874
-17.998465,-57.325447
-17.844349,-53.25415
-17.903088,-53.24664
-11.639505,-61.185516
-8.724875,-58.068317
-12.265662,-61.85982
-9.111039,-56.695656
-10.885783,-49.98487
-10.936278,-50.117188
-10.386968,-59.394573
-32.953506,-10.096773
-8.92591,-57.503475
-31.857574,-11.98797
-7.070685,-58.352066
-10.012673,-56.02809
-14.25121,-49.15785
-8.670959,-48.73976
-14.546384,-52.80733
-9.54915,-55.527843
-8.187605,-53.824017
-10.462064,-59.258774
-8.95091,-56.41076
-8.707398,-47.903866
-12.813628,-63.755985
-12.216014,-59.207207
-17.636217,-51.629177
-14.829218,-59.505062
-14.798407,-50.19159
-11.586727,-47.677402
-16.181385,-53.57759
-15.036714,-62.12061
-11.162026,-53.34749
-10.448348,-59.119843
-15.263969,-57.84534
-17.016182,-57.00148
-14.238865,-59.517513
-14.260822,-59.618843
-12.397324,-55.25156
-17.330397,-50.450382
-9.662366,-50.65553
-7.8358264,-54.755547
-15.206731,-51.152153
-15.536415,-57.594826
-13.403651,-52.62699
-12.1269865,-59.412483
-9.3103,-56.052288
-15.763455,-50.319805
-13.4861765,-54.059685
-9.972323,-54.025124
-14.805755,-51.302612
-13.148522,-60.62377
-13.567909,-57.950787
-15.122217,-57.53203
-8.744263,-57.89833
-6.8260603,-58.9291
-15.254424,-58.75147
-16.92328,-52.083054
-14.055551,-60.978706
-14.495252,-53.966938
-17.273336,-50.372128
-10.27448,-60.103535
-14.179491,-52.65476
-14.033938,-57.440113
-11.820491,-56.5736
-13.961674,-52.520184
-16.2284,-51.005825
-6.9754233,-56.996613
-14.412067,-54.187485
-8.998738,-53.208195
-8.208952,-55.51233
-15.113668,-52.15681
-13.55134,-55.72555
-11.655464,-58.545727
-7.110971,-56.279976
-11.650643,-47.86825
-13.020564,-57.8
-15.336148,-62.168167
-11.211377,-49.791733
-12.185761,-53.71743
-12.279509,-54.458138
-8.793381,-52.784946
-7.366489,-51.575768
-16.77924,-51.795307
-15.818547,-51.47659
-11.17815,-55.51798
-8.410195,-50.590866
-13.228799,-54.406456
-15.520161,-62.320408
-11.029758,-57.85479
-5.729888,-57.0727
-18.129747,-57.635307
-17.515697,-58.538593
-7.9778156,-52.96458
-7.3664465,-52.123928
-7.3533163,-51.99414
-16.23331,-55.90897
-15.171358,-53.8792
-12.910508,-52.218998
-14.869714,-62.127884
-15.19813,-53.010864
-9.930662,-60.32933
-8.141527,-55.56803
-8.273503,-50.772358
-16.36196,-55.801517
-16.506557,-55.66003
-15.303222,-51.306423
-14.249769,-55.22064
-8.450793,-50.48525
-12.846562,-57.67542
-17.590626,-52.8787
-13.673422,-51.163506
-8.51282,-49.572838
-14.916223,-54.913315
-11.102861,-54.334827
-8.9338665,-52.62378
-10.355282,-54.629333
-7.726162,-54.723984
-18.380375,-56.170307
-17.240131,-55.11409
-12.838227,-50.306995
